dimension,A_minimal_paragraph_mean,A_minimal_paragraph_sd,B_structured_sections_mean,B_structured_sections_sd,C_ICS_traceability_mean,C_ICS_traceability_sd,F,p_value
scenario_fidelity_pct,58.443,11.812,72.563,9.366,74.28,13.694,3.277,0.06593789056368068
decision_actionability_pct,55.708,11.718,72.75,5.938,74.293,3.456,10.376,0.0014822067160164566
briefing_structure_score,4.758,0.715,5.875,1.434,8.095,0.684,17.113,0.000134640001832057
traceability_pct,36.385,10.314,56.563,10.294,80.402,13.93,21.502,3.933004681541816e-05
overreach_severity,1.167,0.408,0.333,0.516,0.167,0.408,8.611,0.0032323492502292525
composite_score,49.525,5.605,65.155,6.022,77.48,5.193,37.325,1.50160357372852e-06
